titulo,data_criacao,id_texto,id_video,id_img,id_link
Inovação Resultados Internet Tecnologia Descobe,2024-11-06 19:54:49.738316,53,,,
Inteligência Artificial Tendências Crescimento,2022-05-15 19:54:49.738316,93,,,
Inteligência Artificial Oportunidades Transform,2022-12-11 19:54:49.738316,87,3,,
Digital Resultados Ciência Redes Internet,2024-08-09 19:54:49.738316,29,,4,
Ciência Estudos Oportunidades,2024-04-12 19:54:49.738316,37,,,5
Ciência Soluções Descobertas Oportunidades,2024-05-14 19:54:49.738316,25,6,,
Descobertas Ciência Redes,2023-02-14 19:54:49.738316,95,,,
Inovação Crescimento Desenvolvimento,2023-06-08 19:54:49.738316,36,,8,
Ciência Desenvolvimento Inovação Descobertas Es,2022-11-10 19:54:49.738316,89,9,,
Resultados Mercado Oportunidades,2023-07-10 19:54:49.738316,22,,,10
Estudos Transformação Futuro Internet,2022-11-04 19:54:49.738316,81,,,
Mercado Tecnologia Resultados Inteligência Arti,2024-01-01 19:54:49.738316,71,12,12,
Mercado Desenvolvimento,2023-07-08 19:54:49.738316,11,,,
Inteligência Artificial Futuro Desenvolvimento ,2024-12-07 19:54:49.738316,82,,,
Tecnologia Impacto Inovação Tendências Crescimento,2024-03-01 19:54:49.738316,19,15,,15
Soluções Internet,2023-01-08 19:54:49.738316,65,,16,
Redes Desenvolvimento Mercado Inovação Ciência,2024-04-20 19:54:49.738316,46,,,
Soluções Tendências,2023-06-05 19:54:49.738316,88,18,,
Desenvolvimento Futuro Estudos Internet,2023-04-01 19:54:49.738316,100,,,
Crescimento Estudos Futuro Soluções Desenvolvim,2023-08-31 19:54:49.738316,83,,20,20
Transformação Oportunidades Desenvolvimento Aná,2022-06-25 19:54:49.738316,27,21,,
Resultados Crescimento,2024-11-28 19:54:49.738316,60,,,
Inteligência Artificial Tendências Transformaçã,2024-12-18 19:54:49.738316,24,,,
Ciência Oportunidades,2022-09-29 19:54:49.738316,57,24,24,
Descobertas Ciência,2023-05-05 19:54:49.738316,49,,,25
Inovação Estudos Resultados Transformação Desco,2024-07-08 19:54:49.738316,66,,,
Tendências Soluções Estudos Mercado,2024-03-17 19:54:49.738316,72,27,,
Estudos Transformação Crescimento,2022-04-24 19:54:49.738316,52,,28,
Internet Inteligência Artificial Análise Oportu,2022-08-02 19:54:49.738316,5,,,
Desenvolvimento Inteligência Artificial,2022-06-29 19:54:49.738316,31,30,,30
Soluções Tendências Resultados,2024-07-06 19:54:49.738316,20,,,
Desenvolvimento Inovação Soluções,2024-02-04 19:54:49.738316,98,,32,
Descobertas Estudos Oportunidades Crescimento T,2023-03-31 19:54:49.738316,84,33,,
Digital Ciência Estudos,2024-12-16 19:54:49.738316,92,,,
Mercado Soluções Ciência Digital Tecnologia,2024-01-15 19:54:49.738316,30,,,35
Internet Resultados Soluções Crescimento,2023-07-16 19:54:49.738316,10,36,36,
Estudos Oportunidades Redes,2023-10-03 19:54:49.738316,86,,,
Tendências Inovação Análise,2023-04-19 19:54:49.738316,48,,,
Impacto Inovação,2023-11-07 19:54:49.738316,55,39,,
Internet Descobertas,2023-07-26 19:54:49.738316,28,,40,40
Redes Tendências,2024-04-20 19:54:49.738316,12,,,
Oportunidades Mercado,2024-12-03 19:54:49.738316,68,42,,
Tecnologia Ciência Resultados Internet,2022-09-13 19:54:49.738316,16,,,
Ciência Tendências,2022-07-26 19:54:49.738316,38,,44,
Transformação Inovação Internet Futuro,2024-07-02 19:54:49.738316,14,45,,45
Estudos Ciência Crescimento Inovação Resultados,2023-02-01 19:54:49.738316,34,,,
Resultados Transformação Desenvolvimento Mercado,2024-05-05 19:54:49.738316,33,,,
Tendências Futuro Estudos,2024-04-08 19:54:49.738316,91,48,48,
Tecnologia Digital Crescimento Desenvolvimento ,2023-11-18 19:54:49.738316,97,,,
Oportunidades Descobertas Transformação Resultados,2022-05-04 19:54:49.738316,80,,,50
Inovação Internet Desenvolvimento Tecnologia,2024-08-29 19:54:49.738316,59,51,,
Tendências Inteligência Artificial Oportunidade,2024-05-16 19:54:49.738316,69,,52,
Digital Inovação Redes,2024-07-01 19:54:49.738316,42,,,
Transformação Digital,2023-11-27 19:54:49.738316,17,54,,
Redes Análise,2022-04-18 19:54:49.738316,45,,,55
Estudos Inovação Futuro Mercado Soluções,2023-05-30 19:54:49.738316,47,,56,
Mercado Inteligência Artificial Resultados,2023-12-28 19:54:49.738316,1,57,,
Redes Oportunidades Soluções Estudos,2024-12-02 19:54:49.738316,13,,,
Inteligência Artificial Estudos Tecnologia,2024-05-24 19:54:49.738316,78,,,
Impacto Digital,2024-10-13 19:54:49.738316,43,60,60,60
Tecnologia Crescimento,2023-11-18 19:54:49.738316,63,,,
Futuro Transformação Crescimento,2023-03-31 19:54:49.738316,51,,,
Internet Crescimento,2022-09-01 19:54:49.738316,8,63,,
Desenvolvimento Transformação Redes Descobertas,2022-06-03 19:54:49.738316,64,,64,
Análise Crescimento Tendências Digital,2022-07-23 19:54:49.738316,44,,,65
Descobertas Ciência,2023-04-20 19:54:49.738316,39,66,,
Tecnologia Futuro Redes Estudos,2024-07-16 19:54:49.738316,26,,,
Resultados Digital Mercado Tecnologia Estudos,2023-07-09 19:54:49.738316,56,,68,
Impacto Estudos Tendências Crescimento Internet,2024-12-06 19:54:49.738316,6,69,,
Internet Desenvolvimento Estudos,2024-12-06 19:54:49.738316,35,,,70
Análise Soluções Desenvolvimento,2023-02-04 19:54:49.738316,74,,,
Redes Ciência Futuro Internet Descobertas,2024-12-09 19:54:49.738316,73,72,72,
Análise Mercado Resultados Tendências,2023-04-19 19:54:49.738316,75,,,
Ciência Resultados Crescimento Inovação Análise,2023-04-13 19:54:49.738316,2,,,
Resultados Análise Inteligência Artificial Redes,2024-08-14 19:54:49.738316,70,75,,75
Mercado Estudos Inovação Impacto,2022-12-01 19:54:49.738316,77,,76,
Internet Estudos Resultados Soluções Desenvolvi,2024-08-23 19:54:49.738316,3,,,
Futuro Resultados Tendências Descobertas Análise,2024-08-15 19:54:49.738316,85,78,,
Crescimento Digital,2024-07-08 19:54:49.738316,90,,,
Resultados Inovação Redes Transformação,2024-08-14 19:54:49.738316,32,,80,80
Internet Crescimento Inteligência Artificial Tr,2024-06-30 19:54:49.738316,7,81,,
Impacto Futuro Internet Tendências,2024-02-14 19:54:49.738316,79,,,
Futuro Análise,2022-04-17 19:54:49.738316,54,,,
Resultados Inteligência Artificial Tendências D,2023-01-08 19:54:49.738316,62,84,84,
Análise Tecnologia Oportunidades Descobertas Te,2024-06-18 19:54:49.738316,41,,,85
Redes Tecnologia Estudos Soluções Análise,2022-04-21 19:54:49.738316,9,,,
Crescimento Futuro Inovação,2022-09-15 19:54:49.738316,67,87,,
Transformação Futuro Tecnologia,2022-07-18 19:54:49.738316,18,,88,
Impacto Descobertas Ciência Resultados,2023-09-13 19:54:49.738316,58,,,
Descobertas Tendências Inteligência Artificial,2022-07-28 19:54:49.738316,50,90,,90
Impacto Futuro Tendências Crescimento,2024-09-10 19:54:49.738316,23,,,
Redes Mercado Resultados Estudos Descobertas,2024-07-24 19:54:49.738316,61,,92,
Descobertas Inteligência Artificial Internet Redes,2024-10-19 19:54:49.738316,96,93,,
Mercado Tendências Estudos,2022-09-03 19:54:49.738316,99,,,
Internet Transformação,2023-09-29 19:54:49.738316,40,,,95
Digital Resultados Mercado Impacto Futuro,2023-09-07 19:54:49.738316,4,96,96,
Inovação Crescimento,2024-08-05 19:54:49.738316,76,,,
Tecnologia Crescimento,2024-11-13 19:54:49.738316,15,,,
Tendências Inovação,2023-12-06 19:54:49.738316,94,99,,
Transformação Tendências,2024-12-10 19:54:49.738316,21,,100,100
